{
  "fixed_timer_vs_opt": 1.441476705576778,
  "ski_vs_opt": 1.3400151517122056,
  "fixed_over_ski": 1.0757167213631351,
  "T_lo": 0.6324555320336759,
  "H4_pass": true
}